{
    "metadata":{
        "generator":"io_three",
        "version":3,
        "type":"BufferGeometry",
        "normal":274,
        "position":274
    },
    "data":{
        "attributes":{
            "position":{
                "array":[0.00169037,0.0002,0.00395293,0.00175,0.0002,0.0035,-0.00175,0.0002,0.0035,-0.00169037,0.0002,0.00395293,-0.00123744,0.0002,0.00473744,0.000875,0.0002,0.00501554,0.00123744,0.0002,0.00473744,0.000875,0.0002,-0.00501554,0.000843886,0.0002,-0.00498653,0.00116852,0.0002,-0.00473744,-0.00151554,0.0002,0.004375,0.00151554,0.0002,0.004375,0.00169037,0.0002,-0.00395293,0.00163614,0.0002,-0.00395293,0.00163706,0.0002,-0.00394592,0.00151554,0.0002,-0.004375,0.00145791,0.0002,-0.004375,0.0014632,0.0002,-0.00436811,0.00123744,0.0002,-0.00473744,0.00117861,0.0002,-0.00472969,-0.00175,0.0002,-0.0035,-0.00170423,0.0002,-0.0035,-0.00170501,0.0002,-0.00350592,0.00163596,0.0002,-0.00395428,0.000275178,0.000200001,-0.000302101,0.000389087,0.0002,0.000387792,0.000389087,0.0002,-0.000389506,0.000773851,0.0002,-0.00501554,0.000798246,0.0002,-0.00500544,0.000452933,0.0002,-0.00519037,0.000433878,0.0002,-0.00515637,0.00119597,0.0002,-0.00471637,-0.000549822,0.0002,-0.000778414,-0.000531081,0.0002,-0.000920765,-0.0012082,0.0002,-0.00231221,-4.47027e-19,0.0002,-0.00525,-0.000187818,0.0002,-0.00519037,-6.11437e-06,0.0002,-0.00521429,-0.000452933,0.0002,-0.00519037,-0.000744649,0.0002,-0.00503271,-0.000446108,0.0002,-0.00515637,-0.000875,0.0002,0.00501554,0.000452933,0.0002,0.00519037,-0.000452933,0.0002,0.00519037,1.95913e-19,0.0002,0.00525,0.00169389,0.0002,-0.00351429,0.00175,0.0002,-0.0035,-0.0012082,0.000199999,-0.00471637,-0.00123744,0.0002,-0.00473744,-0.00146504,0.0002,-0.00438165,-0.00147836,0.0002,-0.00436429,-0.00151554,0.0002,-0.004375,-0.00164635,0.0002,-0.00395873,-0.00170611,0.0002,-0.00351429,-0.00169037,0.0002,-0.00395293,-0.00164837,0.0002,-0.00395293,-0.00147014,0.0002,-0.004375,0.000175589,0.0002,-0.00519037,0.000314261,0.0002,-0.00517211,-0.00118075,0.0002,-0.00473744,-0.001169,0.0002,-0.00474645,-0.000786079,0.0002,-0.00501554,-0.000875,0.0002,-0.00501554,-0.000856115,0.0002,-0.00498653,0.001692,0.0002,-0.0035,0.00167128,0.0002,-0.00334255,0.000226467,-0.000369853,-0.00519037,-3.2147e-19,-2.29485e-10,-0.00525,0.000346967,-0.000274515,-0.00519037,7.8651e-05,-0.00042058,0.00519037,0.000226467,-0.000369852,0.00519037,3.2147e-19,2.29485e-10,0.00525,0.00164446,-0.000564357,-0.0035,0.00175,-3.0598e-10,-0.0035,0.00175,3.0598e-10,0.0035,0.000845185,-0.00138031,-0.00395293,0.0012949,-0.0010245,-0.00395293,0.00134058,-0.00106064,-0.0035,0.000757772,-0.00123755,-0.004375,0.00116097,-0.000918545,-0.004375,0.000618718,-0.00101046,-0.00473744,0.000947932,-0.000749988,-0.00473744,0.0004375,-0.000714501,-0.00501554,0.000670289,-0.000530322,-0.00501554,-0.0012949,-0.0010245,0.00395293,-0.000845185,-0.00138031,0.00395293,-0.000757772,-0.00123755,0.004375,0.000151942,-0.0008125,0.00501554,0.0004375,-0.0007145,0.00501554,0.000214879,-0.00114905,0.00473744,0.000618718,-0.00101046,0.00473744,0.00151554,0.0002,-0.004375,0.00169037,0.0002,-0.00395293,0.00169037,-3.45576e-10,-0.00395293,0.00123744,0.0002,-0.00473744,0.00151554,-3.82475e-10,-0.004375,0.000875,0.0002,-0.00501554,0.00123744,-2.0708e-10,-0.00473744,0.000452933,0.0002,-0.00519037,0.000875,-2.19236e-10,-0.00501554,-4.47027e-19,0.0002,-0.00525,0.000452933,-2.26878e-10,-0.00519037,-0.000452933,0.0002,-0.00519037,-0.000875,0.0002,-0.00501554,-0.000452933,-4.53757e-10,-0.00519037,-0.00123744,0.0002,-0.00473744,-0.000875,-2.19236e-10,-0.00501554,-0.00151554,0.0002,-0.004375,-0.00123744,-4.1416e-10,-0.00473744,-0.00169037,0.0002,-0.00395293,-0.00151554,-1.91237e-10,-0.004375,-0.00175,0.0002,-0.0035,-0.00169037,-1.72788e-10,-0.00395293,-0.00175,0.0002,0.0035,-0.00175,-1.5299e-10,-0.0035,-0.00169037,0.0002,0.00395293,-0.00175,1.5299e-10,0.0035,-0.00151554,0.0002,0.004375,-0.00169037,3.45576e-10,0.00395293,-0.00123744,0.0002,0.00473744,-0.00151554,3.82475e-10,0.004375,-0.000875,0.0002,0.00501554,-0.00123744,2.0708e-10,0.00473744,-0.000452933,0.0002,0.00519037,-0.000875,2.19236e-10,0.00501554,1.95913e-19,0.0002,0.00525,-0.000452933,4.53757e-10,0.00519037,0.000452933,0.0002,0.00519037,0.000875,0.0002,0.00501554,0.000452933,4.53757e-10,0.00519037,0.00123744,0.0002,0.00473744,0.000875,2.19236e-10,0.00501554,0.00151554,0.0002,0.004375,0.00123744,4.1416e-10,0.00473744,0.00169037,0.0002,0.00395293,0.00151554,3.82475e-10,0.004375,0.00175,0.0002,0.0035,0.00169037,3.45576e-10,0.00395293,0.00175,0.0002,-0.0035,0.00158843,-0.000545127,-0.00395293,0.000263172,-0.00140729,0.004375,0.000757772,-0.00123755,0.004375,0.00029353,-0.00156963,0.00395293,0.000845185,-0.00138031,0.00395293,0.000303884,-0.001625,0.0035,0.000875,-0.001429,0.0035,0.000303884,-0.001625,-0.0035,0.000875,-0.001429,-0.0035,0.00029353,-0.00156963,-0.00395293,-0.00134058,-0.00106064,0.0035,-0.000875,-0.001429,0.0035,0.000263172,-0.00140729,-0.004375,0.000214879,-0.00114905,-0.00473744,0.000151942,-0.0008125,-0.00501554,7.8651e-05,-0.000420581,-0.00519037,0.000425618,-0.000146066,0.00519037,0.00142415,-0.000488747,-0.004375,-7.8651e-05,-0.00042058,0.00519037,-0.000151942,-0.0008125,0.00501554,-0.000214879,-0.00114905,0.00473744,-0.000263172,-0.00140729,0.004375,-0.00029353,-0.00156963,0.00395293,-0.00134058,-0.00106064,-0.0035,-0.000875,-0.001429,-0.0035,-0.000822231,-0.000282179,-0.00501554,-0.000670289,-0.000530322,-0.00501554,-0.000947932,-0.000749988,-0.00473744,-0.000425618,-0.000146067,-0.00519037,-0.000346967,-0.000274515,-0.00519037,-0.000303884,-0.001625,0.0035,-0.000303884,-0.001625,-0.0035,0.000822231,-0.000282178,0.00501554,-0.00029353,-0.00156963,-0.00395293,-0.000263172,-0.00140729,-0.004375,-0.000214879,-0.00114905,-0.00473744,-0.00116097,-0.000918545,-0.004375,-0.000757772,-0.00123755,-0.004375,-0.000845185,-0.00138031,-0.00395293,-0.000425618,-0.000146066,0.00519037,-0.000822231,-0.000282178,0.00501554,-0.00116281,-0.00039906,0.00473744,-0.00142415,-0.000488747,0.004375,-0.00158843,-0.000545126,0.00395293,-0.00164446,-0.000564356,0.0035,-0.00164446,-0.000564357,-0.0035,-0.000151942,-0.0008125,-0.00501554,-7.8651e-05,-0.000420581,-0.00519037,-0.000226467,-0.000369852,0.00519037,-0.0004375,-0.0007145,0.00501554,-0.000618718,-0.00101046,-0.00473744,-0.00158843,-0.000545127,-0.00395293,-0.00142415,-0.000488747,-0.004375,-0.00116281,-0.000399061,-0.00473744,-0.000618718,-0.00101046,0.00473744,0.00116281,-0.000399061,-0.00473744,0.000822231,-0.000282179,-0.00501554,0.000425618,-0.000146067,-0.00519037,-0.0004375,-0.000714501,-0.00501554,-0.000226467,-0.000369853,-0.00519037,-0.000346967,-0.000274514,0.00519037,-0.000670289,-0.000530321,0.00501554,-0.000947932,-0.000749988,0.00473744,0.00116281,-0.00039906,0.00473744,0.00142415,-0.000488747,0.004375,0.00158843,-0.000545126,0.00395293,0.0012949,-0.0010245,0.00395293,0.00134058,-0.00106064,0.0035,0.00164446,-0.000564356,0.0035,-0.00116097,-0.000918544,0.004375,-0.0012949,-0.0010245,-0.00395293,0.000346967,-0.000274514,0.00519037,0.000670289,-0.000530321,0.00501554,0.000947932,-0.000749988,0.00473744,0.00116097,-0.000918544,0.004375,0.00146613,0.0002,-0.00436429,0.00163596,0.0002,-0.0030743,-0.000476136,0.0002,0.0010517,-0.00049866,0.0002,0.000997321,-0.000388731,0.0002,0.00116561,0.00146613,0.0002,-0.00266429,0.00119597,0.000199993,-0.00231221,0.00113129,0.0002,-0.00226258,0.000550178,0.000200001,-0.000778415,0.000550178,0.0002,0.0007767,-0.000274822,0.0002,0.00125301,-0.000142172,0.0002,0.00130796,0.000499244,0.0002,-0.000998487,0.000531437,0.000199997,-0.000920765,1.78097e-07,0.0002,0.0013267,0.000531437,0.000200005,-0.000636064,0.000531437,0.0002,0.00063435,0.000142529,0.0002,0.00130796,0.000275178,0.0002,0.00125301,0.000476492,0.000200005,-0.000503415,0.000389087,0.0002,0.00116561,0.000476492,0.0002,0.0010517,0.000476492,0.0002,0.000501701,0.000142529,0.000199998,-0.000247155,0.000122242,0.0002,-0.000244485,0.000142528,0.0002,0.000245441,0.000531437,0.0002,0.000919051,